freq,Zr,Zi,std,D1,D2,D3,D4,D5,D6,D7,D8,D9,D10,D11,D12,D13,D14,D15,D16,D17,D18,D19,D20,D21,D22,D23,D24,D25,D26,D27,D28,D29,D30,D31,D32,D33,D34,D35,D36,D37,D38,D39,D40,D41
10000.0,-0.6081053396185955,-0.00023904803270650263,0.03623396330600588,900.337351271368,-180.29589341785567,-141.45509792416897,-101.40059230961155,-64.31999502747071,-33.75009022153534,-11.833908095510738,1.8967021609220625,8.550117823977748,10.1168943051516,8.64490177974377,5.882044008661913,3.0382239046022383,0.8166660227461965,-0.5654346476197563,-1.173764850332882,-1.2256760503133448,-0.9677779004120665,-0.6100296984041869,-0.2860879655947951,-0.060527570880724205,0.05694204983567004,0.08882663913788942,0.06990077104082631,0.09677489360176963,0.09220982782537336,-0.05165575399472835,-0.039622937916122904,-0.010264415134674314,0.00676617593374626,0.0073650451561022125,0.004134135973145263,0.0009771592694270222,-0.0009515152058775982,-0.0014878605736022093,-0.001109098194931415,-0.00042767490160212966,0.0001469446673547695,0.00044848671725226393,0.0004577138643564426,-0.0002372059438043677
7518.797,-0.7504679358048083,-0.1572276015961851,0.03623589161642148,-180.29589341785558,935.8995256007345,-151.4141356409407,-121.29591128059472,-88.40893101791191,-57.168948323464356,-31.31490009578611,-11.997730825125661,0.2849174731196853,6.582874438284641,8.40064216048715,7.466549916989696,5.247753279786756,2.862425189750706,0.9180639379922678,-0.3387083857495023,-0.934457734282983,-1.037385981830722,-0.857558633176618,-0.5723344768108557,-0.3032182995254752,-0.11018653944391875,-0.005110598856408634,0.029456187833430167,0.06639985274246459,0.09827530257014201,-0.029535839449482494,-0.03590072547928964,-0.015878072604290236,0.0020888193544917584,0.0058395961334253505,0.00466915621786814,0.0021900449041857574,2.0472336325651783e-05,-0.0010724330482347335,-0.001160854960444523,-0.0006994900136912297,-0.00011974863444156065,0.0002957519692075629,0.00043886272426583946,-5.753424461090199e-05
5617.978,-0.9192215948273548,-0.38899940321271786,0.036244863686320176,-141.4550979241689,-151.41413564094066,957.8949757991725,-135.66612273976145,-111.43108349681816,-83.17878277363643,-55.733752428238795,-31.76174027904643,-13.569163286005013,-1.4265660437906142,5.144817901388141,7.458996104070434,6.985990178849768,5.15261942785879,2.981313951391702,1.125672471806372,-0.13199122289595774,-0.777880761638151,-0.9485007876103447,-0.8279952304587028,-0.5855426099511308,-0.3402407534877643,-0.15497572572127088,-0.046524619875983234,-0.006681073857722436,0.07254681274896106,0.01689578511779913,-0.01689956402905481,-0.019209758081438214,-0.006229211203028452,0.0012604245471606796,0.0038452572943812133,0.0033592855739106,0.0015849894759999979,-1.2689395247003219e-05,-0.0008247000573331477,-0.0008861017967193345,-0.0005077517111506367,-5.8217260924250876e-05,0.0002496629017068935,0.0002538438108117911
4219.409,-1.088803441833203,-0.577729376799386,0.03624098909308807,-101.40059230961155,-121.29591128059472,-135.66612273976136,969.4593869029658,-128.50823176178767,-107.40210924986626,-81.88073594648098,-55.67073234774231,-32.67411457655624,-14.599008714795808,-2.356500347280306,4.516287879841035,7.11359074864024,6.900276316044321,5.207514874128965,3.101691283521268,1.2556404177291367,-0.027303009936246653,-0.7094821414581014,-0.9120518709969062,-0.8138552618984484,-0.5828862814474872,-0.3406946948995476,-0.15399873783022905,-0.12587802004816914,-0.0005322296725632973,0.08739556229162031,0.021852516056049917,-0.01678799971743255,-0.017532671987821612,-0.006913212063827001,0.0008699631648623483,0.003916140167101031,0.003540071949776285,0.0017632289439909947,7.974717904884818e-05,-0.0008296094004388858,-0.0009450109039510425,-0.000625439667231351,-0.00017020834378335002,0.0006686011439452453
3164.557,-1.2729757581052041,-0.7634560157944397,0.03623439355561784,-64.3199950274708,-88.40893101791194,-111.4310834968182,-128.5082317617876,974.4799645544906,-126.05040054699461,-106.73131143263709,-81.84778358461254,-56.396471318140016,-33.36805023489215,-15.23372424893548,-2.7731973585964074,4.294872367063954,7.066245759293379,6.940277490545953,5.289054611860359,3.192490695551703,1.3324703949397882,0.035721977385272136,-0.6558757561051799,-0.8602162999703117,-0.7581990515501553,-0.5221326520823383,-0.27839518095581745,-0.2840761291993108,-0.13207194500724315,0.1751449204093977,0.08190470829139242,-0.0048409787610569745,-0.030016637914856932,-0.018545114714732722,-0.004893921592458009,0.0031531523930279346,0.005471360700204615,0.004173390797575614,0.0016765895409997685,-0.00035316603049474163,-0.0013078851053798682,-0.0013671750264049507,-0.0008513768591760405,0.0011156179157191832
2369.668,-1.4211890006104162,-0.9567563443267264,0.036237039014609,-33.75009022153532,-57.16894832346439,-83.17878277363644,-107.40210924986631,-126.05040054699465,975.5802008259783,-125.73712209369536,-106.66202099262095,-82.4202403823538,-56.84511470821043,-33.81077310711678,-15.53718768075713,-2.934679799480298,4.237127894095361,7.070045862638334,6.98020243927778,5.348554110732276,3.2541384747392104,1.4056702652274653,0.12241577366874377,-0.5499198726348562,-0.7344556432074111,-0.6186643803406856,-0.3813714444272983,-0.44747118291156884,-0.31634635891966145,0.2575763493303279,0.15598994732452698,0.019749957300947543,-0.039362889927559465,-0.031649526329247675,-0.013392800804162046,0.0002542439902347623,0.006531520807786426,0.0067354078332639246,0.003882025245750171,0.0007030492218213658,-0.001376634756851584,-0.0021171329609522677,-0.0017286478826078406,0.0014315383408041943
1779.359,-1.573036821995354,-1.1748191521543316,0.0362349728922487,-11.833908095510726,-31.314900095786115,-55.733752428238766,-81.88073594648102,-106.7313114326371,-125.73712209369535,975.8790015798909,-125.47704264782293,-106.86479757011749,-82.39748622206363,-56.86945832671107,-33.81399969409765,-15.48667229377208,-2.9180610469992274,4.248929324660012,7.079403221575789,6.997611717023367,5.374875750621847,3.3168811410334533,1.5082548527211577,0.27067278781748416,-0.36083687654606467,-0.5192771834714874,-0.40047481015008973,-0.5487102580940447,-0.5155189271624727,0.2941466691322442,0.22300036289742442,0.05650282502290487,-0.03888547170676434,-0.04165664074232136,-0.023122521054138218,-0.005255696666800541,0.005537065088858129,0.008443661505605231,0.006223273077084815,0.0023496940404280782,-0.0008790998697240039,-0.0025512296226331953,-0.0025762698051651424,0.0013692232183165642
1333.333,-1.7149498538300567,-1.3842656822356305,0.036254466607779055,1.8967021609220671,-11.997730825125666,-31.761740279046453,-55.67073234774232,-81.84778358461257,-106.66202099262091,-125.47704264782297,974.5686596483142,-125.5032626233267,-106.68497481414985,-82.32386704933259,-56.860555475226484,-33.75547980236798,-15.53838707661966,-2.964936624639021,4.212821109609962,7.067243637446514,7.011867201744093,5.445681959881235,3.4411735149887632,1.6895749838974625,0.5006877929692157,-0.10094517025525347,-0.2571846714103639,-0.4930062805267949,-0.6584899908008116,0.23077775768407485,0.24872205496773198,0.10018876861562742,-0.020472247647195713,-0.0417091077302747,-0.03101001260560974,-0.013261805534787315,0.0011630276007686387,0.00784929802642623,0.007824906866242995,0.004392061379814943,0.0004558489323148403,-0.0022171212474311206,-0.003010416836644315,0.0006333142563672229
1000.0,-1.8884924176314328,-1.5745956625277735,0.03623448802432172,8.55011782397776,0.28491747311969,-13.569163286005002,-32.67411457655625,-56.396471318140016,-82.42024038235384,-106.86479757011752,-125.50326262332675,976.0071337161544,-125.55874139977357,-106.75238331326005,-82.42478236461801,-56.812405617728345,-33.852491685061885,-15.587905247147582,-2.988648699628498,4.210983030776239,7.08746845752517,7.079731004238783,5.554260921925726,3.595452206705109,1.8840334284446227,0.7205741937361236,0.12166920796786873,-0.17337753698622865,-0.6353250602755169,0.011525542766092826,0.18711316965588207,0.1373141793082954,0.022821512382623758,-0.023388116039176773,-0.03199728483393343,-0.022317569879027804,-0.007505573440802707,0.003268364495038741,0.0073498000197928254,0.00625819227847117,0.0027443267266213473,-0.0006128988358096651,-0.0024884340983046976,-0.0010197117580489252
749.6252,-2.0228057279147067,-1.7851138704021254,0.03623662338027632,10.116894305151607,6.582874438284643,-1.4265660437906107,-14.599008714795795,-33.368050234892124,-56.84511470821042,-82.39748622206378,-106.68497481414978,-125.55874139977367,975.9784045426348,-125.42325626788957,-106.7384564126397,-82.25519288239028,-56.90685134212339,-33.89875691367043,-15.621296956820286,-3.0210725692892817,4.1898507413229344,7.089837187284364,7.0946482962968656,5.584220052964418,3.6384314718558284,1.9355784990560108,0.774665210822183,0.49991558502362893,-0.3095524127910387,-0.40266269115778386,-0.011349037160397556,0.1452146611855594,0.09341702767512637,0.0213114387833113,-0.01948329481769097,-0.029223205570508427,-0.02034206095287305,-0.006766670524688786,0.0031593864938128206,0.006937707959396767,0.005792842990858151,0.0026637579711557163,-0.00039413416522259134,-0.003654492637980313
562.4297,-2.205407637799098,-1.8887635894363126,0.036242701972314335,8.64490177974377,8.400642160487154,5.144817901388143,-2.3565003472802957,-15.233724248935463,-33.81077310711685,-56.86945832671105,-82.32386704933259,-106.75238331326004,-125.42325626788953,975.6493226076024,-125.32222761146255,-106.40466480106728,-82.25850373737387,-56.84013735258803,-33.84145369061683,-15.61653352877399,-3.0525299247544804,4.1027249609449745,6.937576791885361,6.8807045000028415,5.320581029359012,3.346825396643262,1.6466344110592028,1.528466317479099,0.4299224732524371,-0.9927953107217148,-0.3740246183213752,0.09568530049408436,0.18288288263731203,0.09473205291574803,0.012387091018210526,-0.029038439570302284,-0.03511523924030168,-0.022385585617127023,-0.006029408550292303,0.0051096023995273136,0.00887498575310671,0.00756382162959975,0.003671780438836772,-0.006921390056056052
421.763,-2.3575214659413355,-2.0732799054528734,0.03623828952791701,5.882044008661907,7.466549916989693,7.458996104070436,4.516287879841035,-2.7731973585963967,-15.537187680757128,-33.81399969409762,-56.860555475226455,-82.42478236461803,-106.73845641263974,-125.32222761146264,976.0011526961254,-125.07702704070391,-106.5358739502957,-82.25769246243755,-56.825824199882526,-33.89555708960109,-15.721604641583166,-3.293027347060425,3.709159801583777,6.380499847203287,6.182260503229019,4.535275118781013,2.5574684214152525,2.7785209032390528,1.6181729872897366,-1.6569828542240121,-0.8846959980234724,-0.03829426614415136,0.26888170888585167,0.18956950335390024,0.06623805600206199,-0.015842168819440554,-0.04708147793345707,-0.04157234751911038,-0.020488723642563503,-0.0005697782527941868,0.010682422362381181,0.013345990379957748,0.009627288851631933,-0.009942409270413005
316.2555,-2.499993076309389,-2.2390247349764234,0.03626163260124875,3.038223904602244,5.247753279786757,6.985990178849767,7.113590748640237,4.294872367063956,-2.9346797994802927,-15.486672293772136,-33.755479802368,-56.81240561772833,-82.25519288239016,-106.40466480106723,-125.07702704070384,974.4937608851486,-124.92913662600421,-106.26658391195615,-82.03827824845389,-56.77971044531148,-33.98857248162365,-16.10473352189714,-3.966163666079073,2.734677695174318,5.151188551790594,4.798790536509074,3.1449636380748953,3.8927473005663944,3.115064779758511,-2.1661097039064976,-1.4431789744612087,-0.26866356581125095,0.31032687666107595,0.2816479525233578,0.13661791634806666,0.015525568704448782,-0.04845304262888095,-0.05873054694877562,-0.038214471456076426,-0.01084502592195222,0.009301088950234274,0.018155330160349963,0.016407227330680372,-0.011139565304852416
237.1354,-2.6476235965781667,-2.433365932903169,0.03624364831380093,0.8166660227461972,2.862425189750701,5.1526194278587845,6.900276316044331,7.066245759293382,4.237127894095349,-2.9180610469991994,-15.538387076619673,-33.852491685061835,-56.90685134212348,-82.25850373737384,-106.53587395029564,-124.9291366260042,975.8395464226522,-124.99696424881144,-106.32291785133543,-82.2298660447654,-57.055268410917286,-34.597078889974085,-17.045656220216927,-5.284261412593591,1.0817719574453195,3.2866139922523123,2.915869875166965,4.315333661632778,4.560340078898538,-2.191418559085664,-1.8593597155766097,-0.5766168094312657,0.2552866558028872,0.3307051836195542,0.20728870798001214,0.06634093166742765,-0.0302611339989758,-0.06506615992428309,-0.05437872640744411,-0.025071232343102406,0.002765359286015868,0.019196754672148163,0.021825668503247353,-0.008552320298527268
177.841,-2.8057438518216666,-2.668315190404718,0.03624188194352706,-0.5654346476197563,0.9180639379922692,2.981313951391698,5.207514874128964,6.940277490545941,7.070045862638332,4.248929324660014,-2.9649366246390088,-15.587905247147567,-33.89875691367043,-56.84013735258803,-82.25769246243752,-106.26658391195622,-124.99696424881141,976.1131684580661,-124.89334332824492,-106.3997085690621,-82.40141307186175,-57.64253819990502,-35.55575611844062,-18.42813687918148,-7.041228183018323,-0.9129444226793242,1.2650904884374248,3.2750369199723357,5.285213163959079,-1.3147358087379082,-1.832274403433328,-0.891728268907656,0.04775749481288534,0.27916654205405717,0.2469756679247293,0.1300988996641692,0.015699612847556818,-0.048658506593112424,-0.06039365568115677,-0.040159704785853685,-0.010315521563395304,0.012827657544384235,0.022291869678229267,-0.0001575749058447956
133.3511,-2.9254514028354404,-2.840214811766929,0.036241838610110044,-1.1737648503328844,-0.33870838574950207,1.125672471806373,3.1016912835212653,5.289054611860356,6.980202439277789,7.079403221575785,4.212821109609983,-2.98864869962854,-15.621296956820302,-33.841453690616824,-56.825824199882405,-82.03827824845395,-106.32291785133545,-124.8933433282449,976.2071519279168,-124.95598552695196,-106.46147938860676,-82.81481226560363,-58.29356713667168,-36.50408662848608,-19.645212408059557,-8.433606060784529,-2.3336846498534696,-0.013180402596642455,4.403932587436467,0.834968929117123,-1.0163454235766558,-1.0888671215869172,-0.346992510265738,0.06869589999960121,0.21411194732823952,0.18984332796226847,0.09188456819866637,0.0016531027172428955,-0.04549760347505238,-0.050260027152968775,-0.029536291329563057,-0.004163222713977382,0.013604090067858766,0.015086113884652419
100.0,-3.0781049821649593,-3.0136793363447616,0.03623492244189001,-1.2256760503133461,-0.9344577342829834,-0.1319912228959597,1.255640417729134,3.1924906955517036,5.34855411073228,6.997611717023377,7.067243637446529,4.210983030776248,-3.0210725692892706,-15.616533528774,-33.89555708960115,-56.7797104453115,-82.22986604476559,-106.39970856906208,-124.95598552695196,976.7211931597215,-124.83415498858776,-106.42723679617175,-82.64946003503442,-58.05473838688208,-36.218245109219104,-19.341773441454922,-8.148199755026146,-6.136272641353814,0.9509847318240185,4.4415703961799355,0.8938984143929896,-0.998698014048706,-0.9187956505021198,-0.3399454863618666,0.06558084490833645,0.2180098480065746,0.19057989897505276,0.09169069559064211,0.000631056355785299,-0.04718166612996025,-0.051702488233871795,-0.03308567744295449,-0.007879645648524452,0.036220420378890644
74.99063,-3.2111378861071422,-3.145290978107153,0.03624482270276537,-0.9677779004120655,-1.0373859818307207,-0.7778807616381489,-0.027303009936246486,1.3324703949397902,3.254138474739209,5.3748757506218405,7.0118672017440735,7.087468457525162,4.189850741322949,-3.05252992475449,-15.721604641583175,-33.98857248162356,-57.055268410917215,-82.4014130718618,-106.46147938860673,-124.83415498858783,976.5390158213112,-123.7531368571101,-104.6185937730235,-80.15559612272779,-54.9909333464827,-32.822172782834016,-15.964045910167817,-15.182886667794804,-5.845436235038898,9.3260476157326,4.027698274087776,-0.4461673505408169,-1.5898097622920082,-0.9392756437468781,-0.22634318228107403,0.18128275031435379,0.290620557498692,0.21597471694674295,0.08316667304755136,-0.022358324818797,-0.07034619024675211,-0.07151431192816575,-0.04330116295321553,0.059356538034862946
56.23348,-3.337772395896082,-3.3648406815105876,0.0362377277638028,-0.6100296984041859,-0.8575586331766174,-0.9485007876103447,-0.7094821414581028,0.03572197738526798,1.4056702652274595,3.316881141033451,5.445681959881233,7.079731004238791,7.089837187284369,4.102724960945003,-3.2930273470604066,-16.10473352189711,-34.597078889974036,-57.642538199904976,-82.81481226560365,-106.42723679617195,-123.75313685711004,979.3569418773195,-119.92946633880173,-99.14631815677949,-73.27044287177357,-47.23834888143827,-25.024254060412552,-26.560740873922505,-16.232091883249296,14.874700661481102,8.213620526898444,0.6763178392009019,-2.2195909713447874,-1.656718092075324,-0.6533315040569719,0.05373989160920567,0.3607954318612119,0.3545671782418281,0.19694300468817522,0.029176254441351714,-0.07715366088025244,-0.11249459586889445,-0.08942028018424597,0.07801066173303163
42.16918,-3.4395484723445846,-3.5447942771580574,0.03623712605159763,-0.2860879655947943,-0.5723344768108547,-0.8279952304587017,-0.9120518709969062,-0.6558757561051815,0.12241577366874028,1.5082548527211526,3.44117351498876,5.554260921925723,7.094648296296861,6.937576791885352,3.709159801583772,-3.966163666079015,-17.04565622021682,-35.555756118440534,-58.29356713667165,-82.64946003503445,-104.61859377302336,-119.92946633880175,985.9575815952774,-110.59124874150923,-87.40439805517491,-60.046092104870034,-33.9260912846048,-38.79352492002596,-29.589463091417095,19.982851352137022,12.866925035920609,2.333762866228186,-2.6204081001036914,-2.3444665365370794,-1.1530635572773154,-0.16832286766463378,0.3665269250149233,0.4724836010676736,0.3222317504655281,0.10446244432255834,-0.06432377908066801,-0.14464435523860333,-0.13722728967830114,0.08421641136938908
31.62255,-3.568141255061007,-3.777923988150799,0.03623710072715211,-0.060527570880723504,-0.30321829952547535,-0.5855426099511308,-0.8138552618984497,-0.8602162999703126,-0.5499198726348591,0.2706727878174784,1.689574983897465,3.595452206705116,5.584220052964428,6.880704500002848,6.380499847203313,2.7346776951742977,-5.284261412593617,-18.428136879181444,-36.50408662848617,-58.05473838688227,-80.1555961227276,-99.14631815677926,-110.59124874150827,999.3071264683141,-93.77470002004112,-68.43368848613534,-40.921172958658886,-49.75150275517168,-44.31345101932286,23.293593176771825,17.037000052338026,4.281503182051602,-2.626593251834851,-2.8118191891664353,-1.608918556051099,-0.4498919723607353,0.28715445590957334,0.5295856239872564,0.42626938957213156,0.1889629945231327,-0.029421838486047538,-0.1557218525061142,-0.17321607709852713,0.07212974127918184
23.71354,-3.657897365372663,-3.9713656720207595,0.036236337212792326,0.056942049835671006,-0.1101865394439186,-0.3402407534877631,-0.5828862814474878,-0.7581990515501563,-0.7344556432074145,-0.360836876546071,0.5006877929692078,1.8840334284446145,3.6384314718558315,5.320581029359008,6.182260503229038,5.151188551790619,1.0817719574453901,-7.0412281830182355,-19.645212408059525,-36.21824510921914,-54.990933346482954,-73.27044287177362,-87.40439805517461,-93.7747000200414,1020.6007787432421,-69.79493162865757,-44.22720988348313,-56.999078879243775,-57.92660120519567,23.510526197199052,19.56712860228881,6.059616104937046,-2.1674467805733197,-2.882351339289474,-1.8734129274647529,-0.7136326648251138,0.13200951154162172,0.4960425451752307,0.4714651569157729,0.25719175022738294,0.02065108804415133,-0.1378670408672944,-0.18327299538698655,0.041913000912250975
17.78284,-3.706762267739194,-4.267324027800395,0.036237012312489575,0.08882663913789059,-0.0051105988564080895,-0.15497572572126897,-0.3406946948995477,-0.5221326520823388,-0.6186643803406896,-0.519277183471496,-0.10094517025525665,0.7205741937361205,1.9355784990560068,3.346825396643264,4.535275118781016,4.798790536509092,3.286613992252391,-0.9129444226791583,-8.43360606078447,-19.341773441454922,-32.82217278283372,-47.23834888143813,-60.04609210486899,-68.4336884861352,-69.794931628657,1047.6641712313824,-42.385692450665765,-58.315227354872675,-67.49070790207789,19.794110243246173,19.387489546741495,7.070080323230829,-1.33105739700089,-2.472121089310485,-1.819141573077434,-0.8562673083099677,-0.050620653426612275,0.37082479384546196,0.4308444730314497,0.27969418037452426,0.06854727079927458,-0.09346318571206383,-0.15917825934412067,0.002569499621902893
13.33529,-3.7410668247104075,-4.522132625883624,0.036252150092486515,0.06990077104082694,0.02945618783342911,-0.04652461987598156,-0.15399873783022971,-0.27839518095581794,-0.3813714444273009,-0.40047481015009545,-0.2571846714103618,0.12166920796787002,0.7746652108221868,1.646634411059211,2.5574684214152588,3.144963638074875,2.9158698751669645,1.265090488437607,-2.333684649853342,-8.148199755026168,-15.964045910168405,-25.024254060412545,-33.926091284603814,-40.92117295865868,-44.227209883482715,-42.38569245066569,1074.037743236364,-52.083835020850294,-70.20757219747208,12.054695398951164,15.850308830806949,6.744263734248606,-0.3746718744630392,-1.6559526733498897,-1.4055796854967653,-0.7898109010245996,-0.1833980084206483,0.19296755697101034,0.30591489057204263,0.23675108809698275,0.09141868821739903,-0.03794455047375955,-0.10527426499247124,-0.029223559610616234
10.0,-3.7785006988291503,-4.7835222672024384,0.06620415945708077,0.09677489360177323,0.06639985274246374,-0.0066810738577205795,-0.12587802004817167,-0.2840761291993123,-0.44747118291157784,-0.5487102580940574,-0.4930062805268063,-0.1733775369862458,0.49991558502363487,1.5284663174791198,2.7785209032390736,3.892747300566413,4.315333661632928,3.275036919972633,-0.01318040259640487,-6.136272641354204,-15.182886667793747,-26.560740873924267,-38.79352492002278,-49.75150275517237,-56.999078879242774,-58.31522735487376,-52.08383502085193,990.7251191159274,-185.01134846965536,2.6680621746182864,26.009363428129944,13.84635129231738,1.0275772164722161,-1.9769606717121797,-2.1360398989421543,-1.45332577789249,-0.567957905236276,0.09794900819496867,0.3993077890847122,0.39177476573105063,0.21236794443243384,0.013127497341739479,-0.11922442798450303,-0.10604786006551725
7.49895,-3.7430716892061326,-5.025544038453419,0.36413592389838934,0.09220982782536587,0.09827530257014161,0.07254681274895608,-0.0005322296725604535,-0.13207194500724095,-0.316346358919641,-0.5155189271624457,-0.6584899908008025,-0.6353250602754908,-0.30955241279102763,0.4299224732524319,1.6181729872896564,3.1150647797584554,4.5603400788982675,5.285213163958367,4.403932587436131,0.9509847318245593,-5.845436235038179,-16.232091883250984,-29.589463091421564,-44.3134510193222,-57.926601205198004,-67.49070790207725,-70.2075721974707,-185.01134846965607,248.7384375434054,-252.02844719063967,-7.520809871002751,29.67377653339745,12.471964778204816,1.8348917325481875,-1.844287300758424,-2.4805210083662583,-1.8044441556919384,-0.7826477339261216,0.04407486936233699,0.45651717902310707,0.4847360865558135,0.3118450973053299,0.0791579863858416,-0.34509971346460566
5.623411,-3.7971522352687166,-5.226433124719048,0.3641378761182151,-0.051655753994715295,-0.029535839449485214,0.01689578511780518,0.08739556229161921,0.17514492040939442,0.2575763493302928,0.29414666913220155,0.23077775768406428,0.011525542766061858,-0.40266269115783404,-0.9927953107217034,-1.6569828542238527,-2.1661097039063155,-2.1914185590851973,-1.314735808736736,0.8349689291179834,4.44157039617932,9.3260476157289,14.874700661485376,19.98285135214306,23.293593176770965,23.510526197203017,19.79411024324621,12.054695398949768,2.668062174617686,-252.02844719063884,503.48605327072244,-246.96582184601243,-39.10322151120549,18.143111127334247,10.91266744021324,3.966062204519324,0.847864020173034,-0.5715625340199098,-1.0391658943933004,-0.8979414776566073,-0.478717583054847,-0.04099445469181278,0.25398329089247496,0.34465632912283545,-0.06569727115306545
4.216972,-3.7607203059331384,-5.293843517521265,0.3641390686735406,-0.039622937916128156,-0.0359007254792793,-0.016899564029049404,0.021852516056046923,0.08190470829139238,0.1559899473245343,0.22300036289744068,0.2487220549677293,0.1871131696558295,-0.01134903716033719,-0.374024618321423,-0.884695998023587,-1.4431789744613253,-1.8593597155768031,-1.8322744034336784,-1.0163454235774811,0.8938984143931668,4.027698274090353,8.2136205268967,12.866925035919227,17.037000052337948,19.56712860228805,19.387489546741246,15.850308830807863,26.00936342812976,-7.520809871004893,-246.9658218460076,551.5433250259093,-222.9121172214365,3.9062743913444313,17.29156803887325,7.537973734084495,2.534978809831577,0.3569041353677774,-0.632152294966668,-0.9083422101868971,-0.7254555900533168,-0.3290426785157514,0.04320791273069683,0.2644379577501846,0.15607613593991632
3.162275,-3.8028320089536516,-5.355767770374626,0.5765398272473116,-0.010264415134678165,-0.01587807260429567,-0.019209758081449792,-0.01678799971743488,-0.004840978761057806,0.01974995730095566,0.056502825022914906,0.10018876861564001,0.1373141793083754,0.14521466118555829,0.09568530049415805,-0.038294266144130215,-0.26866356581134954,-0.5766168094312358,-0.8917282689081255,-1.088867121587035,-0.9986980140488156,-0.4461673505390661,0.6763178392006526,2.333762866226507,4.281503182051603,6.059616104934228,7.0700803232294,6.744263734247955,13.84635129232119,29.67377653340092,-39.10322151121359,-222.91211722143376,317.79932275185644,-199.2063060570376,3.5240746887903827,15.233342396729487,6.516460697327295,2.0215778819985064,0.22976277525956182,-0.5437908193391456,-0.7535987911254796,-0.5913099975140073,-0.29136591667170586,0.0029755356637184535,0.400902587181994
2.371371,-3.8148120690815097,-5.253678904151824,0.5765441114042171,0.006766175933752588,0.002088819354487896,-0.0062292112030200575,-0.01753267198781415,-0.030016637914855083,-0.0393628899275567,-0.03888547170677678,-0.020472247647207016,0.02282151238258719,0.09341702767509305,0.18288288263724228,0.2688817088858581,0.31032687666132847,0.25528665580269394,0.0477574948132862,-0.3469925102652288,-0.9187956505021448,-1.589809762294096,-2.219590971348005,-2.6204081001009687,-2.6265932518338158,-2.167446780570238,-1.3310573969983972,-0.374671874462637,1.0275772164665138,12.471964778199172,18.143111127344064,3.9062743913447853,-199.20630605704193,356.43655189246783,-198.92171443270988,0.05490952625465599,13.822103375694883,5.94146679715756,1.9420749671616029,0.3635256820090687,-0.3569454360127664,-0.6241415906789637,-0.6103746769406818,-0.3985846532359764,0.4891355410102092
1.77828,-3.8339510532405248,-5.173553786525139,0.5765507682387051,0.007365045156096621,0.005839596133431282,0.0012604245471623116,-0.006913212063834155,-0.018545114714730058,-0.03164952632925459,-0.041656640742315156,-0.041709107730269826,-0.023388116039181735,0.021311438783338767,0.09473205291576384,0.18956950335385667,0.2816479525231102,0.330705183619768,0.2791665420541615,0.06869589999937234,-0.3399454863615478,-0.9392756437460327,-1.6567180920699038,-2.344466536539945,-2.8118191891675695,-2.8823513392904014,-2.4721210893125245,-1.6559526733504983,-1.9769606717076187,1.834891732553638,10.912667440205555,17.29156803887263,3.5240746887925853,-198.92171443270956,354.8671073817007,-197.58690679334228,-0.305694904387323,13.748579153045759,5.976943333487748,1.964883771666829,0.37188618596192763,-0.39320723387010525,-0.7453564653857883,-0.739338532613242,0.3198849038929801
1.333522,-3.8754766823522693,-4.993276648617201,0.5765600545427416,0.004134135973148914,0.004669156217868984,0.0038452572943764355,0.0008699631648670875,-0.0048939215924653345,-0.013392800804164875,-0.023122521054146177,-0.031010012605614708,-0.031997284833956204,-0.0194832948176919,0.012387091018235687,0.0662380560021143,0.1366179163481986,0.20728870797998974,0.24697566792439501,0.21411194732836009,0.0655808449082324,-0.2263431822822258,-0.6533315040591383,-1.1530635572759123,-1.6089185560514472,-1.87341292746473,-1.8191415730760476,-1.4055796854957199,-2.136039898943315,-1.8442873007616898,3.966062204524615,7.537973734081239,15.2333423967345,0.05490952624932727,-197.58690679333975,353.8839047557511,-197.4488556363755,0.22285159126078924,13.678910278650612,5.926066539911387,1.9530662159719894,0.31911551746355166,-0.48294691866885653,-0.8220670975309177,-0.25763964755088864
1.0,-3.918463774667402,-4.922992931135927,0.576550886302508,0.0009771592694253367,0.002190044904183423,0.003359285573912319,0.00391614016709912,0.003153152393033529,0.0002542439902381554,-0.005255696666790447,-0.013261805534783191,-0.022317569878993505,-0.029223205570522024,-0.029038439570328603,-0.015842168819455493,0.015525568704421035,0.06634093166735931,0.1300988996643595,0.18984332796194525,0.21800984800644138,0.1812827503145346,0.05373989160854481,-0.16832286766482282,-0.449891972359379,-0.7136326648251619,-0.8562673083106255,-0.7898109010244962,-1.453325777897291,-2.480521008365363,0.8478640201696472,2.534978809837709,6.516460697320428,13.822103375700651,-0.30569490438983093,-197.44885563637663,354.3615739800783,-197.25969997257405,-0.18774053656934983,13.63816597332136,6.029704034963609,1.9688305914972466,0.3835498389420227,-0.40448039005065184,-1.2128430167672146
0.7498945,-4.079553166755962,-4.839792061988772,0.5765620351246501,-0.000951515205876722,2.0472336325214237e-05,0.0015849894760002188,0.003540071949776042,0.005471360700201448,0.0065315208077875875,0.005537065088855002,0.0011630276007660897,-0.007505573440811327,-0.02034206095286274,-0.0351152392402878,-0.04708147793345658,-0.048453042628859834,-0.030261133998898983,0.015699612847606764,0.09188456819897992,0.19057989897505753,0.29062055749963717,0.36079543186113155,0.3665269250151666,0.28715445590857036,0.13200951154107382,-0.050620653426539874,-0.18339800842189385,-0.5679579052296487,-1.8044441556914093,-0.5715625340167035,0.35690413535685195,2.0215778820040047,5.941466797154314,13.748579153049233,0.22285159125925755,-197.2596999725766,352.60681973036714,-195.39542898780763,-0.7813643054906404,13.557528405535454,6.071075476459508,2.292348915784749,0.7333902959105524,-2.194333195486446
0.5623415,-4.146841515362103,-4.75735454195407,0.5765746271448806,-0.0014878605736029827,-0.0010724330482346689,-1.2689395248284842e-05,0.0017632289439908017,0.0041733907975793445,0.006735407833264913,0.008443661505603935,0.00784929802643121,0.003268364495038821,-0.0067666705246892,-0.02238558561713455,-0.0415723475191177,-0.05873054694884275,-0.06506615992439296,-0.04865850659329044,0.0016531027169912331,0.09169069559061692,0.21597471694661288,0.3545671782428965,0.47248360106731296,0.5295856239875163,0.49604254517602675,0.3708247938454635,0.19296755697170667,0.0979490081926334,-0.7826477339269473,-1.0391658943970987,-0.6321522949538684,0.22976277525558755,1.9420749671616786,5.9769433334831366,13.67891027866052,-0.18774053657484874,-195.3954289878077,349.470112185546,-193.0598540459072,-1.4315016004307823,13.521035984077177,6.6716533324578515,2.9291996194485033,-2.507257386974134
0.4216965,-4.271404969541486,-4.741705356907526,0.5765927789760851,-0.0011090981949306846,-0.001160854960443384,-0.000824700057331399,7.974717904977798e-05,0.0016765895409958176,0.003882025245747075,0.006223273077083487,0.007824906866237703,0.007349800019789106,0.0031593864938093295,-0.0060294085502847995,-0.020488723642553216,-0.03821447145600734,-0.05437872640735821,-0.06039365568101822,-0.04549760347482126,0.0006310563558870419,0.08316667304742152,0.1969430046874194,0.32223175046578667,0.426269389572044,0.47146515691532953,0.43084447303138934,0.3059148905722201,0.39930778908445325,0.044074869363042994,-0.8979414776534559,-0.9083422101928328,-0.5437908193374258,0.3635256820120704,1.9648837716702932,5.926066539897501,13.638165973336207,-0.7813643054953303,-193.05985404591075,346.0404509170332,-191.21131615792177,-1.3134446103250192,13.895287699638239,7.333545352358785,-0.7290322265387376
0.3162277,-4.493011139782905,-4.746216072074354,0.5765991608622393,-0.00042767490160226123,-0.0006994900136919161,-0.000886101796719911,-0.0008296094004395075,-0.000353166030493162,0.0007030492218212856,0.002349694040427307,0.004392061379815117,0.006258192278469022,0.006937707959397754,0.005109602399523622,-0.0005697782527994572,-0.01084502592197161,-0.02507123234309544,-0.040159704785866404,-0.050260027153063436,-0.047181666129970774,-0.02235832481918807,0.0291762544414538,0.10446244432227345,0.1889629945233645,0.2571917502274064,0.2796941803745392,0.23675108809662965,0.39177476573102077,0.4565171790228575,-0.4787175830567082,-0.7254555900544517,-0.7535987911258121,-0.3569454360148689,0.3718861859595036,1.953066215980578,6.02970403495566,13.557528405534589,-1.4315016004215646,-191.21131615793016,342.85215363298573,-187.978048677605,-2.3602233143528175,13.749691865901095,6.551665195698354
0.2371374,-4.623384060638731,-4.787220204216626,0.5766359020597187,0.00014694466735452218,-0.00011974863444137024,-0.000507751711150822,-0.0009450109039508167,-0.001307885105379418,-0.0013766347568502332,-0.000879099869720452,0.0004558489323165981,0.002744326726626228,0.005792842990858852,0.008874985753104716,0.01068242236237682,0.009301088950227637,0.002765359285976401,-0.010315521563427106,-0.0295362913295541,-0.05170248823390036,-0.07034619024656026,-0.07715366088008083,-0.06432377908044136,-0.029421838486252145,0.020651088044356895,0.0685472707993848,0.09141868821754916,0.2123679444324717,0.4847360865556706,-0.04099445469236279,-0.32904267851334584,-0.5913099975128349,-0.6241415906806267,-0.39320723387085715,0.31911551746463784,1.9688305914935382,6.071075476469572,13.521035984066101,-1.3134446103169284,-187.97804867761133,335.36521283400083,-183.70794462266224,-5.845352158529592,23.33801110816044
0.1778279,-4.809291881290944,-4.895211352133072,0.5766829606467059,0.00044848671725201635,0.00029575196920727804,-5.8217260924429824e-05,-0.0006254396672314191,-0.0013671750264053532,-0.0021171329609517,-0.0025512296226338094,-0.0022171212474300828,-0.0006128988358091313,0.0026637579711567944,0.007563821629602197,0.013345990379963507,0.0181553301603455,0.01919675467214856,0.012827657544369986,-0.004163222714005551,-0.03308567744297744,-0.07151431192809549,-0.11249459586893844,-0.14464435523864005,-0.15572185250595294,-0.13786704086731236,-0.09346318571201158,-0.037944550473669826,0.013127497341482483,0.3118450973055419,0.25398329089437477,0.043207912729887936,-0.29136591667450656,-0.6103746769380157,-0.7453564653800623,-0.4829469186765242,0.3835498389463523,2.29234891577805,6.671653332462978,13.895287699636606,-2.3602233143451823,-183.7079446226721,319.9358292476945,-182.94711143385612,26.579831981487793
0.1333521,-4.998709230039942,-4.988176062239629,0.5767437624293423,0.00045771386435698724,0.00043886272426626576,0.0002496629017072173,-0.0001702083437833576,-0.0008513768591762496,-0.0017286478826090278,-0.002576269805166942,-0.0030104168366468123,-0.002488434098308067,-0.00039413416522478294,0.003671780438837261,0.009627288851633052,0.016407227330691967,0.02182566850326865,0.02229186967826461,0.01360409006788646,-0.00787964564849037,-0.04330116295324162,-0.08942028018432291,-0.1372272896783712,-0.1732160770987074,-0.1832729953871789,-0.15917825934430221,-0.10527426499262463,-0.11922442798403718,0.07915798638565281,0.34465632912226085,0.264437957749669,0.00297553566622055,-0.39858465323679293,-0.7393385326192933,-0.8220670975241618,-0.4044803900510422,0.733390295909919,2.929199619449673,7.333545352356887,13.749691865895475,-5.845352158518015,-182.9471114338629,303.59793186304864,-139.9655197237771
0.1,-5.19170109887838,-5.079061572953536,0.576756908938082,-0.00023720594380459076,-5.753424461113047e-05,0.0002538438108116706,0.0006686011439452392,0.0011156179157193475,0.001431538340804574,0.001369223218317429,0.0006333142563683467,-0.001019711758047382,-0.0036544926379792355,-0.0069213900560567854,-0.009942409270415025,-0.011139565304857085,-0.008552320298536673,-0.00015757490585868917,0.01508611388464411,0.036220420378878446,0.05935653803486584,0.07801066173306714,0.08421641136942651,0.07212974127926762,0.041913000912352644,0.002569499621982554,-0.029223559610552684,-0.10604786006566778,-0.3450997134645009,-0.06569727115335337,0.15607613594032935,0.40090258718120514,0.48913554101010615,0.3198849038951661,-0.2576396475530392,-1.2128430167675863,-2.1943331954851946,-2.5072573869756796,-0.7290322265375094,6.551665195700219,23.338011108156064,26.579831981490987,-139.9655197237779,94.34764178296645
